id,name,age,location,interests,post_id,interaction_type
0,User 0,61,Sana'a,['Sports' 'Books' 'Sports'],78,share
0,User 0,61,Sana'a,['Sports' 'Books' 'Sports'],39,like
0,User 0,61,Sana'a,['Sports' 'Books' 'Sports'],80,like
0,User 0,61,Sana'a,['Sports' 'Books' 'Sports'],66,share
0,User 0,61,Sana'a,['Sports' 'Books' 'Sports'],50,share
0,User 0,61,Sana'a,['Sports' 'Books' 'Sports'],50,like
0,User 0,61,Sana'a,['Sports' 'Books' 'Sports'],30,comment
0,User 0,61,Sana'a,['Sports' 'Books' 'Sports'],75,comment
0,User 0,61,Sana'a,['Sports' 'Books' 'Sports'],16,like
0,User 0,61,Sana'a,['Sports' 'Books' 'Sports'],24,comment
0,User 0,61,Sana'a,['Sports' 'Books' 'Sports'],94,comment
0,User 0,61,Sana'a,['Sports' 'Books' 'Sports'],72,share
1,User 1,42,Alhudida,['Books' 'Movies' 'Sports'],67,share
1,User 1,42,Alhudida,['Books' 'Movies' 'Sports'],62,like
1,User 1,42,Alhudida,['Books' 'Movies' 'Sports'],26,share
1,User 1,42,Alhudida,['Books' 'Movies' 'Sports'],19,like
1,User 1,42,Alhudida,['Books' 'Movies' 'Sports'],34,comment
1,User 1,42,Alhudida,['Books' 'Movies' 'Sports'],62,share
1,User 1,42,Alhudida,['Books' 'Movies' 'Sports'],14,comment
1,User 1,42,Alhudida,['Books' 'Movies' 'Sports'],6,share
1,User 1,42,Alhudida,['Books' 'Movies' 'Sports'],22,like
1,User 1,42,Alhudida,['Books' 'Movies' 'Sports'],27,like
2,User 2,24,Aden,['Music' 'Movies' 'Books'],21,comment
2,User 2,24,Aden,['Music' 'Movies' 'Books'],75,like
2,User 2,24,Aden,['Music' 'Movies' 'Books'],7,like
2,User 2,24,Aden,['Music' 'Movies' 'Books'],34,like
2,User 2,24,Aden,['Music' 'Movies' 'Books'],71,like
2,User 2,24,Aden,['Music' 'Movies' 'Books'],80,share
2,User 2,24,Aden,['Music' 'Movies' 'Books'],93,like
2,User 2,24,Aden,['Music' 'Movies' 'Books'],46,share
2,User 2,24,Aden,['Music' 'Movies' 'Books'],22,share
2,User 2,24,Aden,['Music' 'Movies' 'Books'],25,share
3,User 3,60,Sana'a,['Music' 'Books' 'Sports'],86,share
3,User 3,60,Sana'a,['Music' 'Books' 'Sports'],40,like
3,User 3,60,Sana'a,['Music' 'Books' 'Sports'],81,share
3,User 3,60,Sana'a,['Music' 'Books' 'Sports'],71,share
3,User 3,60,Sana'a,['Music' 'Books' 'Sports'],43,like
3,User 3,60,Sana'a,['Music' 'Books' 'Sports'],67,like
3,User 3,60,Sana'a,['Music' 'Books' 'Sports'],48,share
3,User 3,60,Sana'a,['Music' 'Books' 'Sports'],75,like
3,User 3,60,Sana'a,['Music' 'Books' 'Sports'],45,share
3,User 3,60,Sana'a,['Music' 'Books' 'Sports'],83,share
3,User 3,60,Sana'a,['Music' 'Books' 'Sports'],71,comment
4,User 4,37,Sana'a,['Music' 'Music' 'Sports'],97,like
4,User 4,37,Sana'a,['Music' 'Music' 'Sports'],7,share
4,User 4,37,Sana'a,['Music' 'Music' 'Sports'],67,comment
4,User 4,37,Sana'a,['Music' 'Music' 'Sports'],90,comment
4,User 4,37,Sana'a,['Music' 'Music' 'Sports'],86,like
4,User 4,37,Sana'a,['Music' 'Music' 'Sports'],53,share
4,User 4,37,Sana'a,['Music' 'Music' 'Sports'],6,comment
4,User 4,37,Sana'a,['Music' 'Music' 'Sports'],22,like
4,User 4,37,Sana'a,['Music' 'Music' 'Sports'],54,share
4,User 4,37,Sana'a,['Music' 'Music' 'Sports'],26,share
4,User 4,37,Sana'a,['Music' 'Music' 'Sports'],64,comment
4,User 4,37,Sana'a,['Music' 'Music' 'Sports'],88,like
4,User 4,37,Sana'a,['Music' 'Music' 'Sports'],47,comment
5,User 5,29,Taiz,['Music' 'Sports' 'Sports'],68,comment
5,User 5,29,Taiz,['Music' 'Sports' 'Sports'],58,like
5,User 5,29,Taiz,['Music' 'Sports' 'Sports'],88,share
5,User 5,29,Taiz,['Music' 'Sports' 'Sports'],76,share
5,User 5,29,Taiz,['Music' 'Sports' 'Sports'],94,comment
5,User 5,29,Taiz,['Music' 'Sports' 'Sports'],87,comment
6,User 6,47,Alhudida,['Books' 'Sports' 'Movies'],78,like
6,User 6,47,Alhudida,['Books' 'Sports' 'Movies'],19,share
6,User 6,47,Alhudida,['Books' 'Sports' 'Movies'],57,share
6,User 6,47,Alhudida,['Books' 'Sports' 'Movies'],16,like
6,User 6,47,Alhudida,['Books' 'Sports' 'Movies'],11,comment
6,User 6,47,Alhudida,['Books' 'Sports' 'Movies'],58,share
6,User 6,47,Alhudida,['Books' 'Sports' 'Movies'],28,comment
6,User 6,47,Alhudida,['Books' 'Sports' 'Movies'],28,share
6,User 6,47,Alhudida,['Books' 'Sports' 'Movies'],78,like
7,User 7,61,Alhudida,['Music' 'Sports' 'Books'],63,comment
7,User 7,61,Alhudida,['Music' 'Sports' 'Books'],50,comment
7,User 7,61,Alhudida,['Music' 'Sports' 'Books'],53,comment
7,User 7,61,Alhudida,['Music' 'Sports' 'Books'],14,comment
7,User 7,61,Alhudida,['Music' 'Sports' 'Books'],91,share
7,User 7,61,Alhudida,['Music' 'Sports' 'Books'],26,share
7,User 7,61,Alhudida,['Music' 'Sports' 'Books'],27,comment
7,User 7,61,Alhudida,['Music' 'Sports' 'Books'],20,like
7,User 7,61,Alhudida,['Music' 'Sports' 'Books'],23,share
7,User 7,61,Alhudida,['Music' 'Sports' 'Books'],39,comment
7,User 7,61,Alhudida,['Music' 'Sports' 'Books'],98,share
7,User 7,61,Alhudida,['Music' 'Sports' 'Books'],86,share
7,User 7,61,Alhudida,['Music' 'Sports' 'Books'],79,like
7,User 7,61,Alhudida,['Music' 'Sports' 'Books'],36,like
7,User 7,61,Alhudida,['Music' 'Sports' 'Books'],71,comment
8,User 8,18,Alhudida,['Music' 'Music' 'Movies'],47,comment
8,User 8,18,Alhudida,['Music' 'Music' 'Movies'],30,share
8,User 8,18,Alhudida,['Music' 'Music' 'Movies'],50,share
8,User 8,18,Alhudida,['Music' 'Music' 'Movies'],86,comment
8,User 8,18,Alhudida,['Music' 'Music' 'Movies'],51,share
8,User 8,18,Alhudida,['Music' 'Music' 'Movies'],22,share
8,User 8,18,Alhudida,['Music' 'Music' 'Movies'],30,comment
8,User 8,18,Alhudida,['Music' 'Music' 'Movies'],78,like
8,User 8,18,Alhudida,['Music' 'Music' 'Movies'],66,like
8,User 8,18,Alhudida,['Music' 'Music' 'Movies'],96,share
8,User 8,18,Alhudida,['Music' 'Music' 'Movies'],39,share
8,User 8,18,Alhudida,['Music' 'Music' 'Movies'],6,comment
8,User 8,18,Alhudida,['Music' 'Music' 'Movies'],60,share
8,User 8,18,Alhudida,['Music' 'Music' 'Movies'],93,comment
9,User 9,45,Sana'a,['Movies' 'Sports' 'Music'],86,share
9,User 9,45,Sana'a,['Movies' 'Sports' 'Music'],71,share
9,User 9,45,Sana'a,['Movies' 'Sports' 'Music'],38,like
9,User 9,45,Sana'a,['Movies' 'Sports' 'Music'],55,share
9,User 9,45,Sana'a,['Movies' 'Sports' 'Music'],82,comment
9,User 9,45,Sana'a,['Movies' 'Sports' 'Music'],94,comment
9,User 9,45,Sana'a,['Movies' 'Sports' 'Music'],55,like
10,User 10,20,Sana'a,['Sports' 'Sports' 'Books'],15,comment
10,User 10,20,Sana'a,['Sports' 'Sports' 'Books'],44,like
10,User 10,20,Sana'a,['Sports' 'Sports' 'Books'],32,like
10,User 10,20,Sana'a,['Sports' 'Sports' 'Books'],17,like
10,User 10,20,Sana'a,['Sports' 'Sports' 'Books'],38,like
10,User 10,20,Sana'a,['Sports' 'Sports' 'Books'],70,share
10,User 10,20,Sana'a,['Sports' 'Sports' 'Books'],98,share
10,User 10,20,Sana'a,['Sports' 'Sports' 'Books'],83,like
10,User 10,20,Sana'a,['Sports' 'Sports' 'Books'],67,like
11,User 11,34,Alhudida,['Movies' 'Books' 'Music'],17,like
11,User 11,34,Alhudida,['Movies' 'Books' 'Music'],1,share
11,User 11,34,Alhudida,['Movies' 'Books' 'Music'],26,comment
11,User 11,34,Alhudida,['Movies' 'Books' 'Music'],72,like
11,User 11,34,Alhudida,['Movies' 'Books' 'Music'],20,like
11,User 11,34,Alhudida,['Movies' 'Books' 'Music'],11,comment
11,User 11,34,Alhudida,['Movies' 'Books' 'Music'],31,like
11,User 11,34,Alhudida,['Movies' 'Books' 'Music'],72,comment
11,User 11,34,Alhudida,['Movies' 'Books' 'Music'],9,share
11,User 11,34,Alhudida,['Movies' 'Books' 'Music'],21,like
11,User 11,34,Alhudida,['Movies' 'Books' 'Music'],15,comment
11,User 11,34,Alhudida,['Movies' 'Books' 'Music'],32,comment
11,User 11,34,Alhudida,['Movies' 'Books' 'Music'],29,share
11,User 11,34,Alhudida,['Movies' 'Books' 'Music'],22,comment
12,User 12,38,Alhudida,['Movies' 'Books' 'Sports'],40,comment
12,User 12,38,Alhudida,['Movies' 'Books' 'Sports'],70,like
12,User 12,38,Alhudida,['Movies' 'Books' 'Sports'],17,comment
12,User 12,38,Alhudida,['Movies' 'Books' 'Sports'],29,comment
12,User 12,38,Alhudida,['Movies' 'Books' 'Sports'],40,comment
12,User 12,38,Alhudida,['Movies' 'Books' 'Sports'],17,share
12,User 12,38,Alhudida,['Movies' 'Books' 'Sports'],81,share
12,User 12,38,Alhudida,['Movies' 'Books' 'Sports'],20,share
12,User 12,38,Alhudida,['Movies' 'Books' 'Sports'],34,share
12,User 12,38,Alhudida,['Movies' 'Books' 'Sports'],49,share
12,User 12,38,Alhudida,['Movies' 'Books' 'Sports'],51,share
13,User 13,24,Alhudida,['Books' 'Books' 'Music'],73,share
13,User 13,24,Alhudida,['Books' 'Books' 'Music'],11,comment
13,User 13,24,Alhudida,['Books' 'Books' 'Music'],43,share
13,User 13,24,Alhudida,['Books' 'Books' 'Music'],69,share
13,User 13,24,Alhudida,['Books' 'Books' 'Music'],40,like
13,User 13,24,Alhudida,['Books' 'Books' 'Music'],84,comment
13,User 13,24,Alhudida,['Books' 'Books' 'Music'],68,comment
13,User 13,24,Alhudida,['Books' 'Books' 'Music'],15,share
13,User 13,24,Alhudida,['Books' 'Books' 'Music'],91,like
13,User 13,24,Alhudida,['Books' 'Books' 'Music'],12,comment
13,User 13,24,Alhudida,['Books' 'Books' 'Music'],46,comment
14,User 14,38,Aden,['Books' 'Sports' 'Movies'],49,share
14,User 14,38,Aden,['Books' 'Sports' 'Movies'],89,comment
14,User 14,38,Aden,['Books' 'Sports' 'Movies'],58,comment
14,User 14,38,Aden,['Books' 'Sports' 'Movies'],38,comment
14,User 14,38,Aden,['Books' 'Sports' 'Movies'],20,comment
14,User 14,38,Aden,['Books' 'Sports' 'Movies'],20,comment
15,User 15,36,Taiz,['Sports' 'Books' 'Sports'],98,comment
15,User 15,36,Taiz,['Sports' 'Books' 'Sports'],4,like
15,User 15,36,Taiz,['Sports' 'Books' 'Sports'],39,like
15,User 15,36,Taiz,['Sports' 'Books' 'Sports'],26,like
15,User 15,36,Taiz,['Sports' 'Books' 'Sports'],88,comment
15,User 15,36,Taiz,['Sports' 'Books' 'Sports'],59,share
15,User 15,36,Taiz,['Sports' 'Books' 'Sports'],83,like
15,User 15,36,Taiz,['Sports' 'Books' 'Sports'],81,like
15,User 15,36,Taiz,['Sports' 'Books' 'Sports'],13,comment
15,User 15,36,Taiz,['Sports' 'Books' 'Sports'],29,share
15,User 15,36,Taiz,['Sports' 'Books' 'Sports'],47,share
15,User 15,36,Taiz,['Sports' 'Books' 'Sports'],36,share
15,User 15,36,Taiz,['Sports' 'Books' 'Sports'],4,like
16,User 16,57,Alhudida,['Music' 'Movies' 'Music'],4,share
16,User 16,57,Alhudida,['Music' 'Movies' 'Music'],93,comment
16,User 16,57,Alhudida,['Music' 'Movies' 'Music'],32,like
16,User 16,57,Alhudida,['Music' 'Movies' 'Music'],61,comment
16,User 16,57,Alhudida,['Music' 'Movies' 'Music'],74,share
16,User 16,57,Alhudida,['Music' 'Movies' 'Music'],47,comment
16,User 16,57,Alhudida,['Music' 'Movies' 'Music'],87,share
16,User 16,57,Alhudida,['Music' 'Movies' 'Music'],47,comment
17,User 17,41,Alhudida,['Books' 'Sports' 'Books'],4,like
17,User 17,41,Alhudida,['Books' 'Sports' 'Books'],69,share
17,User 17,41,Alhudida,['Books' 'Sports' 'Books'],57,comment
17,User 17,41,Alhudida,['Books' 'Sports' 'Books'],72,share
17,User 17,41,Alhudida,['Books' 'Sports' 'Books'],91,comment
17,User 17,41,Alhudida,['Books' 'Sports' 'Books'],29,share
17,User 17,41,Alhudida,['Books' 'Sports' 'Books'],57,like
17,User 17,41,Alhudida,['Books' 'Sports' 'Books'],37,share
17,User 17,41,Alhudida,['Books' 'Sports' 'Books'],42,comment
17,User 17,41,Alhudida,['Books' 'Sports' 'Books'],59,like
17,User 17,41,Alhudida,['Books' 'Sports' 'Books'],24,share
17,User 17,41,Alhudida,['Books' 'Sports' 'Books'],56,like
18,User 18,59,Alhudida,['Music' 'Sports' 'Music'],28,share
18,User 18,59,Alhudida,['Music' 'Sports' 'Music'],33,share
18,User 18,59,Alhudida,['Music' 'Sports' 'Music'],30,comment
18,User 18,59,Alhudida,['Music' 'Sports' 'Music'],45,comment
18,User 18,59,Alhudida,['Music' 'Sports' 'Music'],27,comment
18,User 18,59,Alhudida,['Music' 'Sports' 'Music'],85,comment
18,User 18,59,Alhudida,['Music' 'Sports' 'Music'],71,like
18,User 18,59,Alhudida,['Music' 'Sports' 'Music'],22,comment
19,User 19,53,Taiz,['Sports' 'Music' 'Movies'],10,share
19,User 19,53,Taiz,['Sports' 'Music' 'Movies'],27,share
19,User 19,53,Taiz,['Sports' 'Music' 'Movies'],86,share
19,User 19,53,Taiz,['Sports' 'Music' 'Movies'],4,share
19,User 19,53,Taiz,['Sports' 'Music' 'Movies'],28,comment
19,User 19,53,Taiz,['Sports' 'Music' 'Movies'],16,share
19,User 19,53,Taiz,['Sports' 'Music' 'Movies'],1,like
20,User 20,51,Sana'a,['Music' 'Music' 'Sports'],27,comment
20,User 20,51,Sana'a,['Music' 'Music' 'Sports'],1,comment
20,User 20,51,Sana'a,['Music' 'Music' 'Sports'],86,share
20,User 20,51,Sana'a,['Music' 'Music' 'Sports'],12,comment
20,User 20,51,Sana'a,['Music' 'Music' 'Sports'],24,comment
20,User 20,51,Sana'a,['Music' 'Music' 'Sports'],85,comment
20,User 20,51,Sana'a,['Music' 'Music' 'Sports'],42,comment
21,User 21,43,Alhudida,['Music' 'Sports' 'Books'],94,like
21,User 21,43,Alhudida,['Music' 'Sports' 'Books'],26,like
21,User 21,43,Alhudida,['Music' 'Sports' 'Books'],50,share
21,User 21,43,Alhudida,['Music' 'Sports' 'Books'],49,like
21,User 21,43,Alhudida,['Music' 'Sports' 'Books'],44,comment
21,User 21,43,Alhudida,['Music' 'Sports' 'Books'],11,comment
21,User 21,43,Alhudida,['Music' 'Sports' 'Books'],40,comment
22,User 22,30,Sana'a,['Movies' 'Sports' 'Sports'],61,like
22,User 22,30,Sana'a,['Movies' 'Sports' 'Sports'],62,like
22,User 22,30,Sana'a,['Movies' 'Sports' 'Sports'],34,share
22,User 22,30,Sana'a,['Movies' 'Sports' 'Sports'],43,comment
22,User 22,30,Sana'a,['Movies' 'Sports' 'Sports'],84,comment
22,User 22,30,Sana'a,['Movies' 'Sports' 'Sports'],45,like
22,User 22,30,Sana'a,['Movies' 'Sports' 'Sports'],45,like
23,User 23,61,Aden,['Movies' 'Sports' 'Music'],48,like
23,User 23,61,Aden,['Movies' 'Sports' 'Music'],79,like
23,User 23,61,Aden,['Movies' 'Sports' 'Music'],87,share
23,User 23,61,Aden,['Movies' 'Sports' 'Music'],84,share
23,User 23,61,Aden,['Movies' 'Sports' 'Music'],58,like
23,User 23,61,Aden,['Movies' 'Sports' 'Music'],11,comment
23,User 23,61,Aden,['Movies' 'Sports' 'Music'],32,like
23,User 23,61,Aden,['Movies' 'Sports' 'Music'],2,comment
24,User 24,62,Sana'a,['Sports' 'Movies' 'Sports'],40,share
24,User 24,62,Sana'a,['Sports' 'Movies' 'Sports'],91,share
24,User 24,62,Sana'a,['Sports' 'Movies' 'Sports'],51,share
24,User 24,62,Sana'a,['Sports' 'Movies' 'Sports'],6,like
24,User 24,62,Sana'a,['Sports' 'Movies' 'Sports'],82,like
24,User 24,62,Sana'a,['Sports' 'Movies' 'Sports'],4,like
24,User 24,62,Sana'a,['Sports' 'Movies' 'Sports'],12,comment
24,User 24,62,Sana'a,['Sports' 'Movies' 'Sports'],92,share
24,User 24,62,Sana'a,['Sports' 'Movies' 'Sports'],36,comment
25,User 25,20,Alhudida,['Music' 'Music' 'Movies'],95,comment
25,User 25,20,Alhudida,['Music' 'Music' 'Movies'],81,comment
25,User 25,20,Alhudida,['Music' 'Music' 'Movies'],21,share
25,User 25,20,Alhudida,['Music' 'Music' 'Movies'],58,comment
25,User 25,20,Alhudida,['Music' 'Music' 'Movies'],28,like
25,User 25,20,Alhudida,['Music' 'Music' 'Movies'],75,share
25,User 25,20,Alhudida,['Music' 'Music' 'Movies'],20,share
26,User 26,63,Alhudida,['Movies' 'Music' 'Music'],68,like
26,User 26,63,Alhudida,['Movies' 'Music' 'Music'],86,comment
26,User 26,63,Alhudida,['Movies' 'Music' 'Music'],99,comment
26,User 26,63,Alhudida,['Movies' 'Music' 'Music'],56,comment
26,User 26,63,Alhudida,['Movies' 'Music' 'Music'],51,share
26,User 26,63,Alhudida,['Movies' 'Music' 'Music'],59,share
26,User 26,63,Alhudida,['Movies' 'Music' 'Music'],44,comment
26,User 26,63,Alhudida,['Movies' 'Music' 'Music'],49,comment
26,User 26,63,Alhudida,['Movies' 'Music' 'Music'],93,share
27,User 27,47,Alhudida,['Movies' 'Movies' 'Movies'],92,comment
27,User 27,47,Alhudida,['Movies' 'Movies' 'Movies'],3,share
27,User 27,47,Alhudida,['Movies' 'Movies' 'Movies'],58,comment
27,User 27,47,Alhudida,['Movies' 'Movies' 'Movies'],52,like
27,User 27,47,Alhudida,['Movies' 'Movies' 'Movies'],24,share
27,User 27,47,Alhudida,['Movies' 'Movies' 'Movies'],51,comment
27,User 27,47,Alhudida,['Movies' 'Movies' 'Movies'],54,share
28,User 28,39,Taiz,['Sports' 'Music' 'Movies'],58,share
28,User 28,39,Taiz,['Sports' 'Music' 'Movies'],48,like
28,User 28,39,Taiz,['Sports' 'Music' 'Movies'],74,comment
28,User 28,39,Taiz,['Sports' 'Music' 'Movies'],13,share
28,User 28,39,Taiz,['Sports' 'Music' 'Movies'],68,comment
28,User 28,39,Taiz,['Sports' 'Music' 'Movies'],14,share
28,User 28,39,Taiz,['Sports' 'Music' 'Movies'],16,comment
28,User 28,39,Taiz,['Sports' 'Music' 'Movies'],17,comment
29,User 29,18,Sana'a,['Books' 'Music' 'Sports'],75,like
29,User 29,18,Sana'a,['Books' 'Music' 'Sports'],6,share
29,User 29,18,Sana'a,['Books' 'Music' 'Sports'],79,share
29,User 29,18,Sana'a,['Books' 'Music' 'Sports'],27,comment
29,User 29,18,Sana'a,['Books' 'Music' 'Sports'],78,like
29,User 29,18,Sana'a,['Books' 'Music' 'Sports'],52,like
29,User 29,18,Sana'a,['Books' 'Music' 'Sports'],55,like
29,User 29,18,Sana'a,['Books' 'Music' 'Sports'],64,like
29,User 29,18,Sana'a,['Books' 'Music' 'Sports'],4,comment
29,User 29,18,Sana'a,['Books' 'Music' 'Sports'],64,comment
29,User 29,18,Sana'a,['Books' 'Music' 'Sports'],10,share
29,User 29,18,Sana'a,['Books' 'Music' 'Sports'],51,like
29,User 29,18,Sana'a,['Books' 'Music' 'Sports'],22,like
29,User 29,18,Sana'a,['Books' 'Music' 'Sports'],75,like
29,User 29,18,Sana'a,['Books' 'Music' 'Sports'],79,like
29,User 29,18,Sana'a,['Books' 'Music' 'Sports'],47,like
29,User 29,18,Sana'a,['Books' 'Music' 'Sports'],43,like
29,User 29,18,Sana'a,['Books' 'Music' 'Sports'],68,comment
29,User 29,18,Sana'a,['Books' 'Music' 'Sports'],86,share
29,User 29,18,Sana'a,['Books' 'Music' 'Sports'],37,share
30,User 30,56,Alhudida,['Movies' 'Movies' 'Music'],66,share
30,User 30,56,Alhudida,['Movies' 'Movies' 'Music'],44,comment
30,User 30,56,Alhudida,['Movies' 'Movies' 'Music'],10,like
30,User 30,56,Alhudida,['Movies' 'Movies' 'Music'],8,comment
30,User 30,56,Alhudida,['Movies' 'Movies' 'Music'],1,comment
30,User 30,56,Alhudida,['Movies' 'Movies' 'Music'],49,like
30,User 30,56,Alhudida,['Movies' 'Movies' 'Music'],58,comment
30,User 30,56,Alhudida,['Movies' 'Movies' 'Music'],3,share
30,User 30,56,Alhudida,['Movies' 'Movies' 'Music'],83,like
30,User 30,56,Alhudida,['Movies' 'Movies' 'Music'],96,like
30,User 30,56,Alhudida,['Movies' 'Movies' 'Music'],7,share
30,User 30,56,Alhudida,['Movies' 'Movies' 'Music'],92,comment
30,User 30,56,Alhudida,['Movies' 'Movies' 'Music'],46,comment
31,User 31,33,Taiz,['Sports' 'Music' 'Sports'],55,share
31,User 31,33,Taiz,['Sports' 'Music' 'Sports'],18,share
31,User 31,33,Taiz,['Sports' 'Music' 'Sports'],20,like
31,User 31,33,Taiz,['Sports' 'Music' 'Sports'],60,comment
31,User 31,33,Taiz,['Sports' 'Music' 'Sports'],23,share
31,User 31,33,Taiz,['Sports' 'Music' 'Sports'],42,share
32,User 32,64,Aden,['Books' 'Sports' 'Music'],97,share
32,User 32,64,Aden,['Books' 'Sports' 'Music'],85,comment
32,User 32,64,Aden,['Books' 'Sports' 'Music'],19,share
32,User 32,64,Aden,['Books' 'Sports' 'Music'],30,share
32,User 32,64,Aden,['Books' 'Sports' 'Music'],35,like
32,User 32,64,Aden,['Books' 'Sports' 'Music'],73,like
32,User 32,64,Aden,['Books' 'Sports' 'Music'],89,like
32,User 32,64,Aden,['Books' 'Sports' 'Music'],97,comment
32,User 32,64,Aden,['Books' 'Sports' 'Music'],44,like
32,User 32,64,Aden,['Books' 'Sports' 'Music'],74,share
33,User 33,18,Taiz,['Music' 'Sports' 'Movies'],5,like
33,User 33,18,Taiz,['Music' 'Sports' 'Movies'],66,comment
33,User 33,18,Taiz,['Music' 'Sports' 'Movies'],75,like
33,User 33,18,Taiz,['Music' 'Sports' 'Movies'],47,comment
33,User 33,18,Taiz,['Music' 'Sports' 'Movies'],23,like
33,User 33,18,Taiz,['Music' 'Sports' 'Movies'],84,like
33,User 33,18,Taiz,['Music' 'Sports' 'Movies'],4,share
34,User 34,18,Alhudida,['Music' 'Music' 'Books'],13,comment
34,User 34,18,Alhudida,['Music' 'Music' 'Books'],37,like
34,User 34,18,Alhudida,['Music' 'Music' 'Books'],59,share
34,User 34,18,Alhudida,['Music' 'Music' 'Books'],99,comment
34,User 34,18,Alhudida,['Music' 'Music' 'Books'],87,comment
34,User 34,18,Alhudida,['Music' 'Music' 'Books'],74,like
34,User 34,18,Alhudida,['Music' 'Music' 'Books'],93,comment
34,User 34,18,Alhudida,['Music' 'Music' 'Books'],7,comment
34,User 34,18,Alhudida,['Music' 'Music' 'Books'],2,share
34,User 34,18,Alhudida,['Music' 'Music' 'Books'],33,comment
35,User 35,47,Alhudida,['Sports' 'Books' 'Sports'],5,comment
35,User 35,47,Alhudida,['Sports' 'Books' 'Sports'],92,comment
35,User 35,47,Alhudida,['Sports' 'Books' 'Sports'],65,share
35,User 35,47,Alhudida,['Sports' 'Books' 'Sports'],13,like
35,User 35,47,Alhudida,['Sports' 'Books' 'Sports'],47,comment
36,User 36,31,Sana'a,['Sports' 'Music' 'Sports'],93,comment
36,User 36,31,Sana'a,['Sports' 'Music' 'Sports'],5,comment
36,User 36,31,Sana'a,['Sports' 'Music' 'Sports'],36,share
36,User 36,31,Sana'a,['Sports' 'Music' 'Sports'],5,like
36,User 36,31,Sana'a,['Sports' 'Music' 'Sports'],60,share
36,User 36,31,Sana'a,['Sports' 'Music' 'Sports'],94,like
36,User 36,31,Sana'a,['Sports' 'Music' 'Sports'],29,comment
36,User 36,31,Sana'a,['Sports' 'Music' 'Sports'],12,comment
36,User 36,31,Sana'a,['Sports' 'Music' 'Sports'],80,comment
36,User 36,31,Sana'a,['Sports' 'Music' 'Sports'],97,like
36,User 36,31,Sana'a,['Sports' 'Music' 'Sports'],87,comment
36,User 36,31,Sana'a,['Sports' 'Music' 'Sports'],51,comment
37,User 37,26,Taiz,['Music' 'Sports' 'Movies'],74,comment
37,User 37,26,Taiz,['Music' 'Sports' 'Movies'],80,share
37,User 37,26,Taiz,['Music' 'Sports' 'Movies'],99,comment
37,User 37,26,Taiz,['Music' 'Sports' 'Movies'],33,like
37,User 37,26,Taiz,['Music' 'Sports' 'Movies'],93,share
37,User 37,26,Taiz,['Music' 'Sports' 'Movies'],14,share
37,User 37,26,Taiz,['Music' 'Sports' 'Movies'],29,like
37,User 37,26,Taiz,['Music' 'Sports' 'Movies'],61,comment
37,User 37,26,Taiz,['Music' 'Sports' 'Movies'],25,comment
37,User 37,26,Taiz,['Music' 'Sports' 'Movies'],30,comment
38,User 38,36,Aden,['Movies' 'Books' 'Movies'],97,share
38,User 38,36,Aden,['Movies' 'Books' 'Movies'],91,share
38,User 38,36,Aden,['Movies' 'Books' 'Movies'],39,like
38,User 38,36,Aden,['Movies' 'Books' 'Movies'],23,share
38,User 38,36,Aden,['Movies' 'Books' 'Movies'],29,like
38,User 38,36,Aden,['Movies' 'Books' 'Movies'],47,comment
38,User 38,36,Aden,['Movies' 'Books' 'Movies'],35,comment
38,User 38,36,Aden,['Movies' 'Books' 'Movies'],37,like
38,User 38,36,Aden,['Movies' 'Books' 'Movies'],7,like
38,User 38,36,Aden,['Movies' 'Books' 'Movies'],13,share
38,User 38,36,Aden,['Movies' 'Books' 'Movies'],77,share
39,User 39,50,Alhudida,['Sports' 'Movies' 'Music'],27,comment
39,User 39,50,Alhudida,['Sports' 'Movies' 'Music'],66,like
39,User 39,50,Alhudida,['Sports' 'Movies' 'Music'],54,share
39,User 39,50,Alhudida,['Sports' 'Movies' 'Music'],97,share
39,User 39,50,Alhudida,['Sports' 'Movies' 'Music'],92,like
39,User 39,50,Alhudida,['Sports' 'Movies' 'Music'],78,like
39,User 39,50,Alhudida,['Sports' 'Movies' 'Music'],62,share
39,User 39,50,Alhudida,['Sports' 'Movies' 'Music'],30,comment
39,User 39,50,Alhudida,['Sports' 'Movies' 'Music'],97,comment
40,User 40,30,Alhudida,['Music' 'Movies' 'Sports'],39,like
40,User 40,30,Alhudida,['Music' 'Movies' 'Sports'],16,like
40,User 40,30,Alhudida,['Music' 'Movies' 'Sports'],64,like
40,User 40,30,Alhudida,['Music' 'Movies' 'Sports'],23,like
40,User 40,30,Alhudida,['Music' 'Movies' 'Sports'],30,like
40,User 40,30,Alhudida,['Music' 'Movies' 'Sports'],53,comment
40,User 40,30,Alhudida,['Music' 'Movies' 'Sports'],5,share
40,User 40,30,Alhudida,['Music' 'Movies' 'Sports'],22,share
40,User 40,30,Alhudida,['Music' 'Movies' 'Sports'],53,like
40,User 40,30,Alhudida,['Music' 'Movies' 'Sports'],46,share
41,User 41,32,Taiz,['Sports' 'Sports' 'Music'],38,share
41,User 41,32,Taiz,['Sports' 'Sports' 'Music'],84,like
41,User 41,32,Taiz,['Sports' 'Sports' 'Music'],31,comment
41,User 41,32,Taiz,['Sports' 'Sports' 'Music'],89,like
41,User 41,32,Taiz,['Sports' 'Sports' 'Music'],78,comment
41,User 41,32,Taiz,['Sports' 'Sports' 'Music'],67,share
41,User 41,32,Taiz,['Sports' 'Sports' 'Music'],85,like
41,User 41,32,Taiz,['Sports' 'Sports' 'Music'],68,like
42,User 42,52,Aden,['Books' 'Music' 'Music'],70,like
42,User 42,52,Aden,['Books' 'Music' 'Music'],15,comment
42,User 42,52,Aden,['Books' 'Music' 'Music'],22,like
42,User 42,52,Aden,['Books' 'Music' 'Music'],63,comment
42,User 42,52,Aden,['Books' 'Music' 'Music'],6,like
42,User 42,52,Aden,['Books' 'Music' 'Music'],1,comment
42,User 42,52,Aden,['Books' 'Music' 'Music'],12,like
43,User 43,20,Taiz,['Sports' 'Sports' 'Music'],92,comment
43,User 43,20,Taiz,['Sports' 'Sports' 'Music'],3,comment
43,User 43,20,Taiz,['Sports' 'Sports' 'Music'],46,comment
43,User 43,20,Taiz,['Sports' 'Sports' 'Music'],46,comment
43,User 43,20,Taiz,['Sports' 'Sports' 'Music'],68,like
43,User 43,20,Taiz,['Sports' 'Sports' 'Music'],15,like
43,User 43,20,Taiz,['Sports' 'Sports' 'Music'],5,like
43,User 43,20,Taiz,['Sports' 'Sports' 'Music'],1,comment
43,User 43,20,Taiz,['Sports' 'Sports' 'Music'],42,like
43,User 43,20,Taiz,['Sports' 'Sports' 'Music'],45,like
44,User 44,43,Taiz,['Movies' 'Music' 'Sports'],99,comment
44,User 44,43,Taiz,['Movies' 'Music' 'Sports'],51,like
44,User 44,43,Taiz,['Movies' 'Music' 'Sports'],2,like
44,User 44,43,Taiz,['Movies' 'Music' 'Sports'],50,like
44,User 44,43,Taiz,['Movies' 'Music' 'Sports'],1,share
44,User 44,43,Taiz,['Movies' 'Music' 'Sports'],22,share
44,User 44,43,Taiz,['Movies' 'Music' 'Sports'],95,like
44,User 44,43,Taiz,['Movies' 'Music' 'Sports'],28,like
44,User 44,43,Taiz,['Movies' 'Music' 'Sports'],37,share
44,User 44,43,Taiz,['Movies' 'Music' 'Sports'],46,comment
44,User 44,43,Taiz,['Movies' 'Music' 'Sports'],56,comment
44,User 44,43,Taiz,['Movies' 'Music' 'Sports'],35,share
45,User 45,48,Aden,['Books' 'Movies' 'Movies'],86,comment
45,User 45,48,Aden,['Books' 'Movies' 'Movies'],18,share
45,User 45,48,Aden,['Books' 'Movies' 'Movies'],80,like
45,User 45,48,Aden,['Books' 'Movies' 'Movies'],41,like
45,User 45,48,Aden,['Books' 'Movies' 'Movies'],72,share
45,User 45,48,Aden,['Books' 'Movies' 'Movies'],65,share
45,User 45,48,Aden,['Books' 'Movies' 'Movies'],19,comment
45,User 45,48,Aden,['Books' 'Movies' 'Movies'],29,comment
45,User 45,48,Aden,['Books' 'Movies' 'Movies'],90,like
45,User 45,48,Aden,['Books' 'Movies' 'Movies'],49,comment
45,User 45,48,Aden,['Books' 'Movies' 'Movies'],19,comment
45,User 45,48,Aden,['Books' 'Movies' 'Movies'],90,like
45,User 45,48,Aden,['Books' 'Movies' 'Movies'],40,like
46,User 46,25,Taiz,['Movies' 'Music' 'Music'],59,share
46,User 46,25,Taiz,['Movies' 'Music' 'Music'],77,comment
46,User 46,25,Taiz,['Movies' 'Music' 'Music'],90,share
46,User 46,25,Taiz,['Movies' 'Music' 'Music'],16,like
46,User 46,25,Taiz,['Movies' 'Music' 'Music'],38,share
46,User 46,25,Taiz,['Movies' 'Music' 'Music'],30,like
46,User 46,25,Taiz,['Movies' 'Music' 'Music'],16,comment
46,User 46,25,Taiz,['Movies' 'Music' 'Music'],39,comment
46,User 46,25,Taiz,['Movies' 'Music' 'Music'],64,share
46,User 46,25,Taiz,['Movies' 'Music' 'Music'],47,like
46,User 46,25,Taiz,['Movies' 'Music' 'Music'],69,like
46,User 46,25,Taiz,['Movies' 'Music' 'Music'],43,comment
46,User 46,25,Taiz,['Movies' 'Music' 'Music'],36,comment
46,User 46,25,Taiz,['Movies' 'Music' 'Music'],59,comment
47,User 47,62,Aden,['Movies' 'Movies' 'Sports'],24,share
47,User 47,62,Aden,['Movies' 'Movies' 'Sports'],51,like
47,User 47,62,Aden,['Movies' 'Movies' 'Sports'],98,share
47,User 47,62,Aden,['Movies' 'Movies' 'Sports'],82,share
47,User 47,62,Aden,['Movies' 'Movies' 'Sports'],94,comment
47,User 47,62,Aden,['Movies' 'Movies' 'Sports'],43,share
47,User 47,62,Aden,['Movies' 'Movies' 'Sports'],88,like
47,User 47,62,Aden,['Movies' 'Movies' 'Sports'],56,share
47,User 47,62,Aden,['Movies' 'Movies' 'Sports'],54,comment
47,User 47,62,Aden,['Movies' 'Movies' 'Sports'],68,share
47,User 47,62,Aden,['Movies' 'Movies' 'Sports'],35,share
47,User 47,62,Aden,['Movies' 'Movies' 'Sports'],35,comment
47,User 47,62,Aden,['Movies' 'Movies' 'Sports'],51,comment
48,User 48,39,Sana'a,['Music' 'Movies' 'Sports'],73,share
48,User 48,39,Sana'a,['Music' 'Movies' 'Sports'],44,comment
48,User 48,39,Sana'a,['Music' 'Movies' 'Sports'],11,like
48,User 48,39,Sana'a,['Music' 'Movies' 'Sports'],42,like
48,User 48,39,Sana'a,['Music' 'Movies' 'Sports'],84,share
48,User 48,39,Sana'a,['Music' 'Movies' 'Sports'],59,share
48,User 48,39,Sana'a,['Music' 'Movies' 'Sports'],33,share
48,User 48,39,Sana'a,['Music' 'Movies' 'Sports'],50,like
48,User 48,39,Sana'a,['Music' 'Movies' 'Sports'],11,like
49,User 49,54,Aden,['Music' 'Books' 'Music'],95,share
49,User 49,54,Aden,['Music' 'Books' 'Music'],12,share
49,User 49,54,Aden,['Music' 'Books' 'Music'],17,comment
49,User 49,54,Aden,['Music' 'Books' 'Music'],92,like
49,User 49,54,Aden,['Music' 'Books' 'Music'],77,share
49,User 49,54,Aden,['Music' 'Books' 'Music'],61,like
49,User 49,54,Aden,['Music' 'Books' 'Music'],95,like
49,User 49,54,Aden,['Music' 'Books' 'Music'],44,share
50,User 50,55,Sana'a,['Movies' 'Books' 'Movies'],92,share
50,User 50,55,Sana'a,['Movies' 'Books' 'Movies'],99,comment
50,User 50,55,Sana'a,['Movies' 'Books' 'Movies'],33,share
50,User 50,55,Sana'a,['Movies' 'Books' 'Movies'],14,comment
50,User 50,55,Sana'a,['Movies' 'Books' 'Movies'],43,like
50,User 50,55,Sana'a,['Movies' 'Books' 'Movies'],48,share
50,User 50,55,Sana'a,['Movies' 'Books' 'Movies'],78,comment
51,User 51,28,Alhudida,['Music' 'Sports' 'Music'],53,share
51,User 51,28,Alhudida,['Music' 'Sports' 'Music'],65,comment
51,User 51,28,Alhudida,['Music' 'Sports' 'Music'],5,like
51,User 51,28,Alhudida,['Music' 'Sports' 'Music'],45,like
51,User 51,28,Alhudida,['Music' 'Sports' 'Music'],78,comment
51,User 51,28,Alhudida,['Music' 'Sports' 'Music'],17,comment
51,User 51,28,Alhudida,['Music' 'Sports' 'Music'],21,share
51,User 51,28,Alhudida,['Music' 'Sports' 'Music'],46,like
51,User 51,28,Alhudida,['Music' 'Sports' 'Music'],99,comment
51,User 51,28,Alhudida,['Music' 'Sports' 'Music'],64,share
51,User 51,28,Alhudida,['Music' 'Sports' 'Music'],86,comment
52,User 52,24,Aden,['Books' 'Books' 'Music'],80,share
52,User 52,24,Aden,['Books' 'Books' 'Music'],8,like
52,User 52,24,Aden,['Books' 'Books' 'Music'],90,share
52,User 52,24,Aden,['Books' 'Books' 'Music'],92,like
52,User 52,24,Aden,['Books' 'Books' 'Music'],41,comment
52,User 52,24,Aden,['Books' 'Books' 'Music'],43,comment
52,User 52,24,Aden,['Books' 'Books' 'Music'],66,comment
52,User 52,24,Aden,['Books' 'Books' 'Music'],20,share
52,User 52,24,Aden,['Books' 'Books' 'Music'],54,like
52,User 52,24,Aden,['Books' 'Books' 'Music'],98,like
52,User 52,24,Aden,['Books' 'Books' 'Music'],77,share
52,User 52,24,Aden,['Books' 'Books' 'Music'],62,comment
53,User 53,35,Taiz,['Music' 'Books' 'Books'],86,like
53,User 53,35,Taiz,['Music' 'Books' 'Books'],52,like
53,User 53,35,Taiz,['Music' 'Books' 'Books'],49,comment
53,User 53,35,Taiz,['Music' 'Books' 'Books'],76,share
53,User 53,35,Taiz,['Music' 'Books' 'Books'],90,share
53,User 53,35,Taiz,['Music' 'Books' 'Books'],7,like
54,User 54,40,Aden,['Sports' 'Sports' 'Movies'],55,comment
54,User 54,40,Aden,['Sports' 'Sports' 'Movies'],47,share
54,User 54,40,Aden,['Sports' 'Sports' 'Movies'],68,share
54,User 54,40,Aden,['Sports' 'Sports' 'Movies'],93,like
54,User 54,40,Aden,['Sports' 'Sports' 'Movies'],91,share
54,User 54,40,Aden,['Sports' 'Sports' 'Movies'],68,share
54,User 54,40,Aden,['Sports' 'Sports' 'Movies'],34,comment
54,User 54,40,Aden,['Sports' 'Sports' 'Movies'],83,share
54,User 54,40,Aden,['Sports' 'Sports' 'Movies'],51,like
54,User 54,40,Aden,['Sports' 'Sports' 'Movies'],38,share
54,User 54,40,Aden,['Sports' 'Sports' 'Movies'],52,share
54,User 54,40,Aden,['Sports' 'Sports' 'Movies'],55,like
55,User 55,38,Sana'a,['Movies' 'Sports' 'Sports'],99,comment
55,User 55,38,Sana'a,['Movies' 'Sports' 'Sports'],67,share
55,User 55,38,Sana'a,['Movies' 'Sports' 'Sports'],15,share
55,User 55,38,Sana'a,['Movies' 'Sports' 'Sports'],90,like
55,User 55,38,Sana'a,['Movies' 'Sports' 'Sports'],1,like
55,User 55,38,Sana'a,['Movies' 'Sports' 'Sports'],69,comment
55,User 55,38,Sana'a,['Movies' 'Sports' 'Sports'],19,comment
55,User 55,38,Sana'a,['Movies' 'Sports' 'Sports'],47,share
55,User 55,38,Sana'a,['Movies' 'Sports' 'Sports'],48,share
55,User 55,38,Sana'a,['Movies' 'Sports' 'Sports'],17,like
56,User 56,47,Sana'a,['Music' 'Music' 'Sports'],76,comment
56,User 56,47,Sana'a,['Music' 'Music' 'Sports'],44,comment
56,User 56,47,Sana'a,['Music' 'Music' 'Sports'],80,share
56,User 56,47,Sana'a,['Music' 'Music' 'Sports'],61,comment
56,User 56,47,Sana'a,['Music' 'Music' 'Sports'],43,comment
56,User 56,47,Sana'a,['Music' 'Music' 'Sports'],7,share
56,User 56,47,Sana'a,['Music' 'Music' 'Sports'],44,like
56,User 56,47,Sana'a,['Music' 'Music' 'Sports'],6,share
56,User 56,47,Sana'a,['Music' 'Music' 'Sports'],52,share
56,User 56,47,Sana'a,['Music' 'Music' 'Sports'],20,like
56,User 56,47,Sana'a,['Music' 'Music' 'Sports'],4,share
56,User 56,47,Sana'a,['Music' 'Music' 'Sports'],53,share
56,User 56,47,Sana'a,['Music' 'Music' 'Sports'],15,share
56,User 56,47,Sana'a,['Music' 'Music' 'Sports'],70,like
56,User 56,47,Sana'a,['Music' 'Music' 'Sports'],89,comment
56,User 56,47,Sana'a,['Music' 'Music' 'Sports'],33,like
56,User 56,47,Sana'a,['Music' 'Music' 'Sports'],85,like
56,User 56,47,Sana'a,['Music' 'Music' 'Sports'],34,like
57,User 57,56,Alhudida,['Books' 'Books' 'Music'],92,share
57,User 57,56,Alhudida,['Books' 'Books' 'Music'],76,comment
57,User 57,56,Alhudida,['Books' 'Books' 'Music'],37,share
57,User 57,56,Alhudida,['Books' 'Books' 'Music'],1,like
57,User 57,56,Alhudida,['Books' 'Books' 'Music'],56,like
57,User 57,56,Alhudida,['Books' 'Books' 'Music'],23,comment
57,User 57,56,Alhudida,['Books' 'Books' 'Music'],32,share
57,User 57,56,Alhudida,['Books' 'Books' 'Music'],47,share
57,User 57,56,Alhudida,['Books' 'Books' 'Music'],52,comment
57,User 57,56,Alhudida,['Books' 'Books' 'Music'],36,comment
57,User 57,56,Alhudida,['Books' 'Books' 'Music'],17,like
57,User 57,56,Alhudida,['Books' 'Books' 'Music'],13,like
57,User 57,56,Alhudida,['Books' 'Books' 'Music'],59,like
57,User 57,56,Alhudida,['Books' 'Books' 'Music'],2,share
57,User 57,56,Alhudida,['Books' 'Books' 'Music'],61,like
58,User 58,61,Sana'a,['Music' 'Sports' 'Music'],50,share
58,User 58,61,Sana'a,['Music' 'Sports' 'Music'],50,comment
58,User 58,61,Sana'a,['Music' 'Sports' 'Music'],97,share
58,User 58,61,Sana'a,['Music' 'Sports' 'Music'],37,share
58,User 58,61,Sana'a,['Music' 'Sports' 'Music'],61,share
58,User 58,61,Sana'a,['Music' 'Sports' 'Music'],42,comment
58,User 58,61,Sana'a,['Music' 'Sports' 'Music'],60,share
58,User 58,61,Sana'a,['Music' 'Sports' 'Music'],6,share
58,User 58,61,Sana'a,['Music' 'Sports' 'Music'],62,comment
58,User 58,61,Sana'a,['Music' 'Sports' 'Music'],94,like
58,User 58,61,Sana'a,['Music' 'Sports' 'Music'],49,comment
58,User 58,61,Sana'a,['Music' 'Sports' 'Music'],56,like
58,User 58,61,Sana'a,['Music' 'Sports' 'Music'],18,share
58,User 58,61,Sana'a,['Music' 'Sports' 'Music'],13,like
58,User 58,61,Sana'a,['Music' 'Sports' 'Music'],76,like
58,User 58,61,Sana'a,['Music' 'Sports' 'Music'],62,share
58,User 58,61,Sana'a,['Music' 'Sports' 'Music'],67,comment
59,User 59,38,Sana'a,['Sports' 'Sports' 'Music'],61,like
59,User 59,38,Sana'a,['Sports' 'Sports' 'Music'],8,like
59,User 59,38,Sana'a,['Sports' 'Sports' 'Music'],80,share
59,User 59,38,Sana'a,['Sports' 'Sports' 'Music'],45,comment
59,User 59,38,Sana'a,['Sports' 'Sports' 'Music'],79,share
59,User 59,38,Sana'a,['Sports' 'Sports' 'Music'],59,comment
59,User 59,38,Sana'a,['Sports' 'Sports' 'Music'],57,comment
59,User 59,38,Sana'a,['Sports' 'Sports' 'Music'],69,share
59,User 59,38,Sana'a,['Sports' 'Sports' 'Music'],91,share
59,User 59,38,Sana'a,['Sports' 'Sports' 'Music'],49,comment
59,User 59,38,Sana'a,['Sports' 'Sports' 'Music'],61,comment
59,User 59,38,Sana'a,['Sports' 'Sports' 'Music'],34,share
59,User 59,38,Sana'a,['Sports' 'Sports' 'Music'],80,like
60,User 60,26,Taiz,['Sports' 'Sports' 'Movies'],2,comment
60,User 60,26,Taiz,['Sports' 'Sports' 'Movies'],46,like
60,User 60,26,Taiz,['Sports' 'Sports' 'Movies'],73,share
60,User 60,26,Taiz,['Sports' 'Sports' 'Movies'],40,comment
60,User 60,26,Taiz,['Sports' 'Sports' 'Movies'],1,share
60,User 60,26,Taiz,['Sports' 'Sports' 'Movies'],30,like
60,User 60,26,Taiz,['Sports' 'Sports' 'Movies'],95,comment
60,User 60,26,Taiz,['Sports' 'Sports' 'Movies'],33,comment
60,User 60,26,Taiz,['Sports' 'Sports' 'Movies'],50,comment
60,User 60,26,Taiz,['Sports' 'Sports' 'Movies'],12,share
60,User 60,26,Taiz,['Sports' 'Sports' 'Movies'],33,like
60,User 60,26,Taiz,['Sports' 'Sports' 'Movies'],41,comment
60,User 60,26,Taiz,['Sports' 'Sports' 'Movies'],63,share
61,User 61,53,Sana'a,['Sports' 'Sports' 'Books'],56,comment
61,User 61,53,Sana'a,['Sports' 'Sports' 'Books'],34,like
61,User 61,53,Sana'a,['Sports' 'Sports' 'Books'],57,like
61,User 61,53,Sana'a,['Sports' 'Sports' 'Books'],8,comment
61,User 61,53,Sana'a,['Sports' 'Sports' 'Books'],79,comment
61,User 61,53,Sana'a,['Sports' 'Sports' 'Books'],18,like
61,User 61,53,Sana'a,['Sports' 'Sports' 'Books'],81,share
61,User 61,53,Sana'a,['Sports' 'Sports' 'Books'],55,comment
61,User 61,53,Sana'a,['Sports' 'Sports' 'Books'],54,like
61,User 61,53,Sana'a,['Sports' 'Sports' 'Books'],78,share
61,User 61,53,Sana'a,['Sports' 'Sports' 'Books'],86,share
61,User 61,53,Sana'a,['Sports' 'Sports' 'Books'],69,comment
61,User 61,53,Sana'a,['Sports' 'Sports' 'Books'],35,like
61,User 61,53,Sana'a,['Sports' 'Sports' 'Books'],52,comment
62,User 62,63,Alhudida,['Sports' 'Books' 'Sports'],62,like
62,User 62,63,Alhudida,['Sports' 'Books' 'Sports'],57,like
62,User 62,63,Alhudida,['Sports' 'Books' 'Sports'],77,like
62,User 62,63,Alhudida,['Sports' 'Books' 'Sports'],37,comment
62,User 62,63,Alhudida,['Sports' 'Books' 'Sports'],15,like
62,User 62,63,Alhudida,['Sports' 'Books' 'Sports'],58,comment
62,User 62,63,Alhudida,['Sports' 'Books' 'Sports'],98,share
62,User 62,63,Alhudida,['Sports' 'Books' 'Sports'],80,comment
62,User 62,63,Alhudida,['Sports' 'Books' 'Sports'],41,comment
62,User 62,63,Alhudida,['Sports' 'Books' 'Sports'],87,share
62,User 62,63,Alhudida,['Sports' 'Books' 'Sports'],94,share
62,User 62,63,Alhudida,['Sports' 'Books' 'Sports'],14,share
63,User 63,27,Sana'a,['Sports' 'Movies' 'Sports'],6,comment
63,User 63,27,Sana'a,['Sports' 'Movies' 'Sports'],2,share
63,User 63,27,Sana'a,['Sports' 'Movies' 'Sports'],16,like
63,User 63,27,Sana'a,['Sports' 'Movies' 'Sports'],20,share
63,User 63,27,Sana'a,['Sports' 'Movies' 'Sports'],6,comment
63,User 63,27,Sana'a,['Sports' 'Movies' 'Sports'],1,share
63,User 63,27,Sana'a,['Sports' 'Movies' 'Sports'],41,like
63,User 63,27,Sana'a,['Sports' 'Movies' 'Sports'],56,comment
63,User 63,27,Sana'a,['Sports' 'Movies' 'Sports'],81,share
63,User 63,27,Sana'a,['Sports' 'Movies' 'Sports'],24,like
64,User 64,32,Sana'a,['Books' 'Movies' 'Books'],69,like
64,User 64,32,Sana'a,['Books' 'Movies' 'Books'],88,comment
64,User 64,32,Sana'a,['Books' 'Movies' 'Books'],12,comment
64,User 64,32,Sana'a,['Books' 'Movies' 'Books'],80,share
64,User 64,32,Sana'a,['Books' 'Movies' 'Books'],65,share
64,User 64,32,Sana'a,['Books' 'Movies' 'Books'],97,like
64,User 64,32,Sana'a,['Books' 'Movies' 'Books'],27,comment
64,User 64,32,Sana'a,['Books' 'Movies' 'Books'],35,share
64,User 64,32,Sana'a,['Books' 'Movies' 'Books'],41,share
64,User 64,32,Sana'a,['Books' 'Movies' 'Books'],24,comment
64,User 64,32,Sana'a,['Books' 'Movies' 'Books'],77,like
64,User 64,32,Sana'a,['Books' 'Movies' 'Books'],59,like
64,User 64,32,Sana'a,['Books' 'Movies' 'Books'],73,share
65,User 65,37,Alhudida,['Books' 'Music' 'Music'],44,comment
65,User 65,37,Alhudida,['Books' 'Music' 'Music'],25,share
65,User 65,37,Alhudida,['Books' 'Music' 'Music'],69,share
65,User 65,37,Alhudida,['Books' 'Music' 'Music'],96,share
66,User 66,25,Taiz,['Music' 'Books' 'Books'],45,comment
66,User 66,25,Taiz,['Music' 'Books' 'Books'],3,like
66,User 66,25,Taiz,['Music' 'Books' 'Books'],85,like
66,User 66,25,Taiz,['Music' 'Books' 'Books'],15,like
67,User 67,29,Taiz,['Music' 'Sports' 'Books'],83,share
67,User 67,29,Taiz,['Music' 'Sports' 'Books'],1,comment
67,User 67,29,Taiz,['Music' 'Sports' 'Books'],90,share
67,User 67,29,Taiz,['Music' 'Sports' 'Books'],43,share
67,User 67,29,Taiz,['Music' 'Sports' 'Books'],97,like
67,User 67,29,Taiz,['Music' 'Sports' 'Books'],51,share
67,User 67,29,Taiz,['Music' 'Sports' 'Books'],68,like
67,User 67,29,Taiz,['Music' 'Sports' 'Books'],95,share
67,User 67,29,Taiz,['Music' 'Sports' 'Books'],30,like
67,User 67,29,Taiz,['Music' 'Sports' 'Books'],84,like
68,User 68,24,Taiz,['Music' 'Music' 'Movies'],34,like
68,User 68,24,Taiz,['Music' 'Music' 'Movies'],79,share
68,User 68,24,Taiz,['Music' 'Music' 'Movies'],80,share
68,User 68,24,Taiz,['Music' 'Music' 'Movies'],72,comment
68,User 68,24,Taiz,['Music' 'Music' 'Movies'],47,like
68,User 68,24,Taiz,['Music' 'Music' 'Movies'],84,share
68,User 68,24,Taiz,['Music' 'Music' 'Movies'],25,like
68,User 68,24,Taiz,['Music' 'Music' 'Movies'],85,like
69,User 69,36,Alhudida,['Music' 'Sports' 'Books'],10,share
69,User 69,36,Alhudida,['Music' 'Sports' 'Books'],19,share
69,User 69,36,Alhudida,['Music' 'Sports' 'Books'],40,comment
69,User 69,36,Alhudida,['Music' 'Sports' 'Books'],50,share
69,User 69,36,Alhudida,['Music' 'Sports' 'Books'],77,share
69,User 69,36,Alhudida,['Music' 'Sports' 'Books'],11,share
69,User 69,36,Alhudida,['Music' 'Sports' 'Books'],84,like
69,User 69,36,Alhudida,['Music' 'Sports' 'Books'],34,like
69,User 69,36,Alhudida,['Music' 'Sports' 'Books'],31,comment
69,User 69,36,Alhudida,['Music' 'Sports' 'Books'],4,comment
69,User 69,36,Alhudida,['Music' 'Sports' 'Books'],22,like
69,User 69,36,Alhudida,['Music' 'Sports' 'Books'],98,like
69,User 69,36,Alhudida,['Music' 'Sports' 'Books'],60,like
69,User 69,36,Alhudida,['Music' 'Sports' 'Books'],39,comment
69,User 69,36,Alhudida,['Music' 'Sports' 'Books'],60,share
69,User 69,36,Alhudida,['Music' 'Sports' 'Books'],79,share
70,User 70,24,Sana'a,['Sports' 'Books' 'Books'],62,like
70,User 70,24,Sana'a,['Sports' 'Books' 'Books'],63,share
70,User 70,24,Sana'a,['Sports' 'Books' 'Books'],64,like
70,User 70,24,Sana'a,['Sports' 'Books' 'Books'],2,comment
70,User 70,24,Sana'a,['Sports' 'Books' 'Books'],82,share
70,User 70,24,Sana'a,['Sports' 'Books' 'Books'],36,share
70,User 70,24,Sana'a,['Sports' 'Books' 'Books'],36,share
70,User 70,24,Sana'a,['Sports' 'Books' 'Books'],98,like
70,User 70,24,Sana'a,['Sports' 'Books' 'Books'],4,like
70,User 70,24,Sana'a,['Sports' 'Books' 'Books'],9,like
70,User 70,24,Sana'a,['Sports' 'Books' 'Books'],51,like
70,User 70,24,Sana'a,['Sports' 'Books' 'Books'],50,like
70,User 70,24,Sana'a,['Sports' 'Books' 'Books'],87,comment
71,User 71,31,Taiz,['Books' 'Books' 'Movies'],67,share
71,User 71,31,Taiz,['Books' 'Books' 'Movies'],76,like
71,User 71,31,Taiz,['Books' 'Books' 'Movies'],16,share
71,User 71,31,Taiz,['Books' 'Books' 'Movies'],49,share
71,User 71,31,Taiz,['Books' 'Books' 'Movies'],18,share
71,User 71,31,Taiz,['Books' 'Books' 'Movies'],52,like
71,User 71,31,Taiz,['Books' 'Books' 'Movies'],42,share
71,User 71,31,Taiz,['Books' 'Books' 'Movies'],12,like
72,User 72,51,Taiz,['Music' 'Movies' 'Music'],54,like
72,User 72,51,Taiz,['Music' 'Movies' 'Music'],56,comment
72,User 72,51,Taiz,['Music' 'Movies' 'Music'],51,like
72,User 72,51,Taiz,['Music' 'Movies' 'Music'],98,share
72,User 72,51,Taiz,['Music' 'Movies' 'Music'],22,comment
72,User 72,51,Taiz,['Music' 'Movies' 'Music'],5,share
72,User 72,51,Taiz,['Music' 'Movies' 'Music'],29,like
72,User 72,51,Taiz,['Music' 'Movies' 'Music'],86,comment
72,User 72,51,Taiz,['Music' 'Movies' 'Music'],8,comment
72,User 72,51,Taiz,['Music' 'Movies' 'Music'],84,share
72,User 72,51,Taiz,['Music' 'Movies' 'Music'],37,share
72,User 72,51,Taiz,['Music' 'Movies' 'Music'],15,share
73,User 73,19,Taiz,['Sports' 'Movies' 'Music'],16,share
73,User 73,19,Taiz,['Sports' 'Movies' 'Music'],73,like
73,User 73,19,Taiz,['Sports' 'Movies' 'Music'],75,share
73,User 73,19,Taiz,['Sports' 'Movies' 'Music'],36,share
73,User 73,19,Taiz,['Sports' 'Movies' 'Music'],4,share
73,User 73,19,Taiz,['Sports' 'Movies' 'Music'],39,share
73,User 73,19,Taiz,['Sports' 'Movies' 'Music'],77,like
73,User 73,19,Taiz,['Sports' 'Movies' 'Music'],85,share
73,User 73,19,Taiz,['Sports' 'Movies' 'Music'],7,like
73,User 73,19,Taiz,['Sports' 'Movies' 'Music'],38,share
73,User 73,19,Taiz,['Sports' 'Movies' 'Music'],61,comment
73,User 73,19,Taiz,['Sports' 'Movies' 'Music'],67,comment
73,User 73,19,Taiz,['Sports' 'Movies' 'Music'],6,like
74,User 74,37,Taiz,['Music' 'Books' 'Sports'],61,comment
74,User 74,37,Taiz,['Music' 'Books' 'Sports'],80,comment
74,User 74,37,Taiz,['Music' 'Books' 'Sports'],65,share
74,User 74,37,Taiz,['Music' 'Books' 'Sports'],99,like
74,User 74,37,Taiz,['Music' 'Books' 'Sports'],95,share
74,User 74,37,Taiz,['Music' 'Books' 'Sports'],16,share
74,User 74,37,Taiz,['Music' 'Books' 'Sports'],16,share
74,User 74,37,Taiz,['Music' 'Books' 'Sports'],90,like
74,User 74,37,Taiz,['Music' 'Books' 'Sports'],14,share
75,User 75,57,Alhudida,['Music' 'Books' 'Sports'],61,like
75,User 75,57,Alhudida,['Music' 'Books' 'Sports'],52,share
75,User 75,57,Alhudida,['Music' 'Books' 'Sports'],11,like
75,User 75,57,Alhudida,['Music' 'Books' 'Sports'],63,comment
75,User 75,57,Alhudida,['Music' 'Books' 'Sports'],77,like
75,User 75,57,Alhudida,['Music' 'Books' 'Sports'],55,comment
75,User 75,57,Alhudida,['Music' 'Books' 'Sports'],51,comment
76,User 76,27,Sana'a,['Sports' 'Movies' 'Movies'],19,comment
76,User 76,27,Sana'a,['Sports' 'Movies' 'Movies'],97,comment
76,User 76,27,Sana'a,['Sports' 'Movies' 'Movies'],44,share
76,User 76,27,Sana'a,['Sports' 'Movies' 'Movies'],77,comment
76,User 76,27,Sana'a,['Sports' 'Movies' 'Movies'],73,like
76,User 76,27,Sana'a,['Sports' 'Movies' 'Movies'],49,comment
76,User 76,27,Sana'a,['Sports' 'Movies' 'Movies'],2,like
76,User 76,27,Sana'a,['Sports' 'Movies' 'Movies'],18,share
77,User 77,59,Sana'a,['Music' 'Movies' 'Books'],11,like
77,User 77,59,Sana'a,['Music' 'Movies' 'Books'],30,like
77,User 77,59,Sana'a,['Music' 'Movies' 'Books'],89,like
77,User 77,59,Sana'a,['Music' 'Movies' 'Books'],13,like
77,User 77,59,Sana'a,['Music' 'Movies' 'Books'],63,like
77,User 77,59,Sana'a,['Music' 'Movies' 'Books'],98,share
77,User 77,59,Sana'a,['Music' 'Movies' 'Books'],4,like
78,User 78,43,Taiz,['Books' 'Movies' 'Sports'],22,comment
78,User 78,43,Taiz,['Books' 'Movies' 'Sports'],38,comment
78,User 78,43,Taiz,['Books' 'Movies' 'Sports'],59,share
78,User 78,43,Taiz,['Books' 'Movies' 'Sports'],46,share
78,User 78,43,Taiz,['Books' 'Movies' 'Sports'],3,comment
78,User 78,43,Taiz,['Books' 'Movies' 'Sports'],77,comment
79,User 79,56,Taiz,['Sports' 'Movies' 'Music'],81,share
79,User 79,56,Taiz,['Sports' 'Movies' 'Music'],14,share
79,User 79,56,Taiz,['Sports' 'Movies' 'Music'],15,comment
79,User 79,56,Taiz,['Sports' 'Movies' 'Music'],1,like
79,User 79,56,Taiz,['Sports' 'Movies' 'Music'],39,share
79,User 79,56,Taiz,['Sports' 'Movies' 'Music'],3,share
80,User 80,64,Aden,['Movies' 'Books' 'Music'],95,like
80,User 80,64,Aden,['Movies' 'Books' 'Music'],99,like
80,User 80,64,Aden,['Movies' 'Books' 'Music'],3,comment
80,User 80,64,Aden,['Movies' 'Books' 'Music'],25,like
80,User 80,64,Aden,['Movies' 'Books' 'Music'],3,share
80,User 80,64,Aden,['Movies' 'Books' 'Music'],10,like
80,User 80,64,Aden,['Movies' 'Books' 'Music'],65,like
80,User 80,64,Aden,['Movies' 'Books' 'Music'],4,share
80,User 80,64,Aden,['Movies' 'Books' 'Music'],20,share
80,User 80,64,Aden,['Movies' 'Books' 'Music'],84,like
80,User 80,64,Aden,['Movies' 'Books' 'Music'],61,comment
80,User 80,64,Aden,['Movies' 'Books' 'Music'],59,share
80,User 80,64,Aden,['Movies' 'Books' 'Music'],95,like
81,User 81,36,Sana'a,['Sports' 'Sports' 'Movies'],56,comment
81,User 81,36,Sana'a,['Sports' 'Sports' 'Movies'],44,share
81,User 81,36,Sana'a,['Sports' 'Sports' 'Movies'],91,like
81,User 81,36,Sana'a,['Sports' 'Sports' 'Movies'],57,share
81,User 81,36,Sana'a,['Sports' 'Sports' 'Movies'],55,share
81,User 81,36,Sana'a,['Sports' 'Sports' 'Movies'],34,share
81,User 81,36,Sana'a,['Sports' 'Sports' 'Movies'],37,comment
81,User 81,36,Sana'a,['Sports' 'Sports' 'Movies'],88,comment
81,User 81,36,Sana'a,['Sports' 'Sports' 'Movies'],51,share
81,User 81,36,Sana'a,['Sports' 'Sports' 'Movies'],24,share
81,User 81,36,Sana'a,['Sports' 'Sports' 'Movies'],89,like
81,User 81,36,Sana'a,['Sports' 'Sports' 'Movies'],90,comment
81,User 81,36,Sana'a,['Sports' 'Sports' 'Movies'],65,comment
82,User 82,59,Sana'a,['Books' 'Music' 'Sports'],17,share
82,User 82,59,Sana'a,['Books' 'Music' 'Sports'],11,share
82,User 82,59,Sana'a,['Books' 'Music' 'Sports'],90,comment
82,User 82,59,Sana'a,['Books' 'Music' 'Sports'],72,share
82,User 82,59,Sana'a,['Books' 'Music' 'Sports'],29,comment
82,User 82,59,Sana'a,['Books' 'Music' 'Sports'],61,share
82,User 82,59,Sana'a,['Books' 'Music' 'Sports'],2,like
82,User 82,59,Sana'a,['Books' 'Music' 'Sports'],91,like
82,User 82,59,Sana'a,['Books' 'Music' 'Sports'],70,like
82,User 82,59,Sana'a,['Books' 'Music' 'Sports'],51,like
83,User 83,49,Alhudida,['Movies' 'Music' 'Books'],25,share
83,User 83,49,Alhudida,['Movies' 'Music' 'Books'],72,like
83,User 83,49,Alhudida,['Movies' 'Music' 'Books'],1,like
83,User 83,49,Alhudida,['Movies' 'Music' 'Books'],2,comment
83,User 83,49,Alhudida,['Movies' 'Music' 'Books'],52,like
83,User 83,49,Alhudida,['Movies' 'Music' 'Books'],11,share
83,User 83,49,Alhudida,['Movies' 'Music' 'Books'],20,comment
83,User 83,49,Alhudida,['Movies' 'Music' 'Books'],83,like
83,User 83,49,Alhudida,['Movies' 'Music' 'Books'],22,like
83,User 83,49,Alhudida,['Movies' 'Music' 'Books'],35,like
83,User 83,49,Alhudida,['Movies' 'Music' 'Books'],10,comment
83,User 83,49,Alhudida,['Movies' 'Music' 'Books'],34,like
83,User 83,49,Alhudida,['Movies' 'Music' 'Books'],39,like
83,User 83,49,Alhudida,['Movies' 'Music' 'Books'],8,share
83,User 83,49,Alhudida,['Movies' 'Music' 'Books'],26,like
83,User 83,49,Alhudida,['Movies' 'Music' 'Books'],62,comment
84,User 84,27,Sana'a,['Music' 'Books' 'Books'],35,share
84,User 84,27,Sana'a,['Music' 'Books' 'Books'],74,share
84,User 84,27,Sana'a,['Music' 'Books' 'Books'],29,share
84,User 84,27,Sana'a,['Music' 'Books' 'Books'],19,like
84,User 84,27,Sana'a,['Music' 'Books' 'Books'],60,like
84,User 84,27,Sana'a,['Music' 'Books' 'Books'],67,comment
84,User 84,27,Sana'a,['Music' 'Books' 'Books'],93,share
84,User 84,27,Sana'a,['Music' 'Books' 'Books'],71,like
84,User 84,27,Sana'a,['Music' 'Books' 'Books'],6,comment
84,User 84,27,Sana'a,['Music' 'Books' 'Books'],51,comment
84,User 84,27,Sana'a,['Music' 'Books' 'Books'],86,comment
84,User 84,27,Sana'a,['Music' 'Books' 'Books'],78,like
84,User 84,27,Sana'a,['Music' 'Books' 'Books'],13,like
84,User 84,27,Sana'a,['Music' 'Books' 'Books'],55,comment
84,User 84,27,Sana'a,['Music' 'Books' 'Books'],90,share
85,User 85,46,Aden,['Movies' 'Books' 'Sports'],8,share
85,User 85,46,Aden,['Movies' 'Books' 'Sports'],3,comment
85,User 85,46,Aden,['Movies' 'Books' 'Sports'],6,share
85,User 85,46,Aden,['Movies' 'Books' 'Sports'],28,like
85,User 85,46,Aden,['Movies' 'Books' 'Sports'],48,share
85,User 85,46,Aden,['Movies' 'Books' 'Sports'],27,share
85,User 85,46,Aden,['Movies' 'Books' 'Sports'],44,comment
85,User 85,46,Aden,['Movies' 'Books' 'Sports'],49,like
85,User 85,46,Aden,['Movies' 'Books' 'Sports'],96,like
85,User 85,46,Aden,['Movies' 'Books' 'Sports'],47,comment
85,User 85,46,Aden,['Movies' 'Books' 'Sports'],77,like
86,User 86,33,Sana'a,['Sports' 'Sports' 'Movies'],9,share
86,User 86,33,Sana'a,['Sports' 'Sports' 'Movies'],29,share
86,User 86,33,Sana'a,['Sports' 'Sports' 'Movies'],47,comment
86,User 86,33,Sana'a,['Sports' 'Sports' 'Movies'],44,share
86,User 86,33,Sana'a,['Sports' 'Sports' 'Movies'],36,share
86,User 86,33,Sana'a,['Sports' 'Sports' 'Movies'],18,like
86,User 86,33,Sana'a,['Sports' 'Sports' 'Movies'],82,like
86,User 86,33,Sana'a,['Sports' 'Sports' 'Movies'],79,share
86,User 86,33,Sana'a,['Sports' 'Sports' 'Movies'],84,share
86,User 86,33,Sana'a,['Sports' 'Sports' 'Movies'],89,comment
87,User 87,61,Alhudida,['Music' 'Books' 'Sports'],87,like
87,User 87,61,Alhudida,['Music' 'Books' 'Sports'],62,comment
87,User 87,61,Alhudida,['Music' 'Books' 'Sports'],30,share
87,User 87,61,Alhudida,['Music' 'Books' 'Sports'],89,comment
87,User 87,61,Alhudida,['Music' 'Books' 'Sports'],73,share
87,User 87,61,Alhudida,['Music' 'Books' 'Sports'],44,comment
87,User 87,61,Alhudida,['Music' 'Books' 'Sports'],26,like
87,User 87,61,Alhudida,['Music' 'Books' 'Sports'],31,like
87,User 87,61,Alhudida,['Music' 'Books' 'Sports'],61,like
87,User 87,61,Alhudida,['Music' 'Books' 'Sports'],29,share
87,User 87,61,Alhudida,['Music' 'Books' 'Sports'],52,comment
88,User 88,24,Alhudida,['Books' 'Movies' 'Books'],44,like
88,User 88,24,Alhudida,['Books' 'Movies' 'Books'],99,like
88,User 88,24,Alhudida,['Books' 'Movies' 'Books'],19,share
88,User 88,24,Alhudida,['Books' 'Movies' 'Books'],3,share
88,User 88,24,Alhudida,['Books' 'Movies' 'Books'],98,share
88,User 88,24,Alhudida,['Books' 'Movies' 'Books'],21,like
88,User 88,24,Alhudida,['Books' 'Movies' 'Books'],67,share
88,User 88,24,Alhudida,['Books' 'Movies' 'Books'],81,share
88,User 88,24,Alhudida,['Books' 'Movies' 'Books'],80,like
88,User 88,24,Alhudida,['Books' 'Movies' 'Books'],73,share
88,User 88,24,Alhudida,['Books' 'Movies' 'Books'],89,like
88,User 88,24,Alhudida,['Books' 'Movies' 'Books'],48,like
88,User 88,24,Alhudida,['Books' 'Movies' 'Books'],53,share
88,User 88,24,Alhudida,['Books' 'Movies' 'Books'],65,comment
89,User 89,56,Aden,['Movies' 'Music' 'Books'],84,like
89,User 89,56,Aden,['Movies' 'Music' 'Books'],54,comment
89,User 89,56,Aden,['Movies' 'Music' 'Books'],94,share
89,User 89,56,Aden,['Movies' 'Music' 'Books'],1,comment
90,User 90,29,Alhudida,['Music' 'Books' 'Sports'],46,share
90,User 90,29,Alhudida,['Music' 'Books' 'Sports'],33,like
90,User 90,29,Alhudida,['Music' 'Books' 'Sports'],79,share
90,User 90,29,Alhudida,['Music' 'Books' 'Sports'],52,comment
90,User 90,29,Alhudida,['Music' 'Books' 'Sports'],29,share
90,User 90,29,Alhudida,['Music' 'Books' 'Sports'],74,share
90,User 90,29,Alhudida,['Music' 'Books' 'Sports'],36,share
90,User 90,29,Alhudida,['Music' 'Books' 'Sports'],91,share
90,User 90,29,Alhudida,['Music' 'Books' 'Sports'],93,like
90,User 90,29,Alhudida,['Music' 'Books' 'Sports'],81,like
91,User 91,33,Taiz,['Sports' 'Movies' 'Sports'],87,share
91,User 91,33,Taiz,['Sports' 'Movies' 'Sports'],30,like
91,User 91,33,Taiz,['Sports' 'Movies' 'Sports'],30,comment
91,User 91,33,Taiz,['Sports' 'Movies' 'Sports'],69,like
91,User 91,33,Taiz,['Sports' 'Movies' 'Sports'],16,like
91,User 91,33,Taiz,['Sports' 'Movies' 'Sports'],22,share
91,User 91,33,Taiz,['Sports' 'Movies' 'Sports'],68,share
91,User 91,33,Taiz,['Sports' 'Movies' 'Sports'],49,comment
91,User 91,33,Taiz,['Sports' 'Movies' 'Sports'],10,share
92,User 92,56,Sana'a,['Books' 'Books' 'Music'],25,like
92,User 92,56,Sana'a,['Books' 'Books' 'Music'],61,share
92,User 92,56,Sana'a,['Books' 'Books' 'Music'],78,like
92,User 92,56,Sana'a,['Books' 'Books' 'Music'],52,share
92,User 92,56,Sana'a,['Books' 'Books' 'Music'],6,like
92,User 92,56,Sana'a,['Books' 'Books' 'Music'],56,like
92,User 92,56,Sana'a,['Books' 'Books' 'Music'],7,like
93,User 93,46,Taiz,['Books' 'Books' 'Sports'],15,comment
93,User 93,46,Taiz,['Books' 'Books' 'Sports'],39,like
93,User 93,46,Taiz,['Books' 'Books' 'Sports'],44,comment
93,User 93,46,Taiz,['Books' 'Books' 'Sports'],8,like
93,User 93,46,Taiz,['Books' 'Books' 'Sports'],17,like
93,User 93,46,Taiz,['Books' 'Books' 'Sports'],31,like
94,User 94,37,Sana'a,['Music' 'Movies' 'Music'],38,comment
94,User 94,37,Sana'a,['Music' 'Movies' 'Music'],18,like
94,User 94,37,Sana'a,['Music' 'Movies' 'Music'],68,like
94,User 94,37,Sana'a,['Music' 'Movies' 'Music'],41,like
94,User 94,37,Sana'a,['Music' 'Movies' 'Music'],57,comment
94,User 94,37,Sana'a,['Music' 'Movies' 'Music'],97,share
95,User 95,38,Sana'a,['Music' 'Music' 'Sports'],96,like
95,User 95,38,Sana'a,['Music' 'Music' 'Sports'],52,comment
95,User 95,38,Sana'a,['Music' 'Music' 'Sports'],83,share
95,User 95,38,Sana'a,['Music' 'Music' 'Sports'],21,share
95,User 95,38,Sana'a,['Music' 'Music' 'Sports'],15,like
95,User 95,38,Sana'a,['Music' 'Music' 'Sports'],74,share
96,User 96,40,Alhudida,['Books' 'Movies' 'Books'],40,like
96,User 96,40,Alhudida,['Books' 'Movies' 'Books'],2,comment
96,User 96,40,Alhudida,['Books' 'Movies' 'Books'],8,like
96,User 96,40,Alhudida,['Books' 'Movies' 'Books'],24,like
96,User 96,40,Alhudida,['Books' 'Movies' 'Books'],28,share
97,User 97,19,Alhudida,['Books' 'Movies' 'Movies'],60,like
97,User 97,19,Alhudida,['Books' 'Movies' 'Movies'],54,comment
97,User 97,19,Alhudida,['Books' 'Movies' 'Movies'],4,like
97,User 97,19,Alhudida,['Books' 'Movies' 'Movies'],88,share
97,User 97,19,Alhudida,['Books' 'Movies' 'Movies'],60,share
97,User 97,19,Alhudida,['Books' 'Movies' 'Movies'],7,comment
97,User 97,19,Alhudida,['Books' 'Movies' 'Movies'],85,comment
97,User 97,19,Alhudida,['Books' 'Movies' 'Movies'],12,like
97,User 97,19,Alhudida,['Books' 'Movies' 'Movies'],99,like
97,User 97,19,Alhudida,['Books' 'Movies' 'Movies'],1,like
98,User 98,40,Aden,['Sports' 'Sports' 'Sports'],11,share
98,User 98,40,Aden,['Sports' 'Sports' 'Sports'],81,share
98,User 98,40,Aden,['Sports' 'Sports' 'Sports'],46,comment
98,User 98,40,Aden,['Sports' 'Sports' 'Sports'],52,comment
98,User 98,40,Aden,['Sports' 'Sports' 'Sports'],40,comment
98,User 98,40,Aden,['Sports' 'Sports' 'Sports'],68,comment
98,User 98,40,Aden,['Sports' 'Sports' 'Sports'],99,comment
98,User 98,40,Aden,['Sports' 'Sports' 'Sports'],10,like
98,User 98,40,Aden,['Sports' 'Sports' 'Sports'],56,share
99,User 99,54,Aden,['Sports' 'Sports' 'Music'],87,like
99,User 99,54,Aden,['Sports' 'Sports' 'Music'],71,like
99,User 99,54,Aden,['Sports' 'Sports' 'Music'],83,comment
99,User 99,54,Aden,['Sports' 'Sports' 'Music'],61,like
99,User 99,54,Aden,['Sports' 'Sports' 'Music'],60,share
99,User 99,54,Aden,['Sports' 'Sports' 'Music'],4,comment
99,User 99,54,Aden,['Sports' 'Sports' 'Music'],31,share
99,User 99,54,Aden,['Sports' 'Sports' 'Music'],11,share
99,User 99,54,Aden,['Sports' 'Sports' 'Music'],88,share
